{"cameraMode":{"drawMode":0,"name":"Shaded","section":"Shading Mode"},"sceneLighting":false,"audioPlay":false,"sceneViewState":{"m_AlwaysRefresh":false,"showFog":true,"showSkybox":false,"showFlares":true,"showImageEffects":true,"showParticleSystems":true,"showVisualEffectGraphs":true,"m_FxEnabled":true},"in2DMode":false,"pivot":{"x":8.006903648376465,"y":-0.5204054117202759,"z":-1.8766510486602784},"rotation":{"x":-0.015607388690114022,"y":-0.9674961566925049,"z":0.24478602409362794,"w":-0.061666134744882587},"size":1.2017269134521485,"orthographic":false}