{"cameraMode":{"drawMode":0,"name":"Shaded","section":"Shading Mode"},"sceneLighting":false,"audioPlay":false,"sceneViewState":{"m_AlwaysRefresh":false,"showFog":true,"showSkybox":false,"showFlares":true,"showImageEffects":true,"showParticleSystems":true,"showVisualEffectGraphs":true,"m_FxEnabled":true},"in2DMode":false,"pivot":{"x":-5.473392486572266,"y":2.6501882076263429,"z":-23.099817276000978},"rotation":{"x":-0.002406710758805275,"y":-0.9929940700531006,"z":-0.020547516644001008,"w":0.11644694954156876},"size":12.197163581848145,"orthographic":false}